{"arcanas":["Fool", "Magician", "Priestess", "Empress", "Emperor", "Hierophant", "Lovers", "Chariot", "Justice", "Hermit", "Fortune", "Strength", "Hanged Man", "Death", "Temperance", "Devil", "Tower", "Star", "Moon", "Sun", "Judgement", "World", "Aeon", "Void"], "resistances": ["Weak", "Normal", "Strong", "Null", "Repel", "Drain", "Survive", "Endure"], "spells": ["", "Agi", "Agilao", "Agidyne", "Ragnarok", "Bufu", "Bufula", "Bufudyne", "Niflheim", "Zio", "Zionga", "Ziodyne", "Thunder Reign", "Garu", "Garula", "Garudyne", "Panta Rhei", "Maragi", "Maragion", "Maragidyne", "Maralagidyne", "Mabufu", "Mabufula", "Mabufudyne", "Mazio", "Mazionga", "Maziodyne", "Magaru", "Magarula", "Magarudyne", "Hama", "Hamaon", "Mudo", "Mudoon", "Mahama", "Mahamaon", "Samsara", "Mamudo", "Mamudoon", "Die for Me!", "Cleave", "Power Slash", "Zan-ei", "Getsu-ei", "Gale Slash", "Mighty Swing", "Fatal End", "Blade of Fury", "Deathbound", "Tempest Slash", "Heaven's Blade", "Vorpal Blade", "Brave Blade", "Bash", "Assault Dive", "Sonic Punch", "Kill Rush", "Swift Strike", "Herculean Strike", "Gigantic Fist", "Heat Wave", "Vicious Strike", "Weary Thrust", "Akasha Arts", "God's Hand", "Single Shot", "Double Fangs", "Holy Arrow", "Twin Shot", "Cruel Attack", "Torrent Shot", "Poison Arrow", "Vile Assault", "Arrow Rain", "Myriad Arrows", "Primal Force", "Pralaya", "Megido", "Megidola", "Megidolaon", "Black Viper", "Morning Star", "Dia", "Diarama", "Diarahan", "Media", "Mediarama", "Mediarahan", "Dodge Slash", "Evade Slash", "Resist Slash", "Null Slash", "Repel Slash", "Drain Slash", "Dodge Strike", "Evade Strike", "Resist Strike", "Null Strike", "Repel Strike", "Drain Strike", "Dodge Pierce", "Evade Pierce", "Resist Pierce", "Null Pierce", "Repel Pierce", "Drain Pierce", "Dodge Fire", "Evade Fire", "Resist Fire", "Null Fire", "Repel Fire", "Drain Fire", "Dodge Ice", "Evade Ice", "Resist Ice", "Null Ice", "Repel Ice", "Drain Ice", "Dodge Elec", "Evade Elec", "Resist Elec", "Null Elec", "Repel Elec", "Drain Elec", "Dodge Wind", "Evade Wind", "Resist Wind", "Null Wind", "Repel Wind", "Drain Wind", "Survive Light", "Endure Light", "Null Light", "Repel Light", "Survive Dark", "Endure Dark", "Null Dark", "Repel Dark", "Null Fear", "Null Panic", "Null Distress", "Null Poison", "Null Charm", "Null Rage", "Unshaken Will", "Tarukaja", "Rakukaja", "Sukukaja", "Tarunda", "Rakunda", "Sukunda", "Matarukaja", "Marakukaja", "Masukukaja", "Matarunda", "Marakunda", "Masukunda", "Auto-Tarukaja", "Auto-Rakukaja", "Auto-Sukukaja", "Auto-Matarukaja", "Auto-Marakukaja", "Auto-Masukukaja", "Auto-Matarunda", "Auto-Marakunda", "Auto-Masukunda", "Rebellion", "Revolution", "Power Charge", "Mind Charge", "Evil Touch", "Evil Smile", "Pulinpa", "Tentarafoo", "Poisma", "Poison Mist", "Marin Karin", "Sexy Dance", "Provoke", "Infuriate", "Bewilder", "Eerie Sound", "Patra", "Charmdi", "Enradi", "Posumudi", "Re Patra", "Me Patra", "Amrita", "Fire Boost", "Fire Amp", "Ice Boost", "Ice Amp", "Elec Boost", "Elec Amp", "Wind Boost", "Wind Amp", "Hama Boost", "Mudo Boost", "Rage Boost", "Fear Boost", "Charm Boost", "Panic Boost", "Poison Boost", "Distress Boost", "Ailment Boost", "Cool Breeze", "Victory Cry", "Spring of Life", "Regenerate 1", "Regenerate 2", "Regenerate 3", "Invigorate 1", "Invigorate 2", "Invigorate 3", "Raging Tiger", "Trafuri", "Stagnant Air", "Sharp Student", "Apt Pupil", "Tetrakarn", "Makarakarn", "Fast Retreat", "Fire Break", "Ice Break", "Elec Break", "Wind Break", "Dekaja", "Dekunda", "Recarm", "Samarecarm", "Growth 1", "Growth 2", "Growth 3", "Virus Breath", "Endure", "Enduring Soul", "Counter", "Counterstrike", "High Counter", "Spell Master", "Arms Master", "2h Swd Master", "1h Swd Master", "Fist Master", "Heavy Master", "Spear Master", "Bow Master", "Divine Grace", "Recarmdra", "Foul Breath", "Ghastly Wail", "Life Drain", "Spirit Drain", "Salvation", "Lost Control", "Chaos"], "elements":["", "Slash", "Strike", "Pierce", "Fire", "Ice", "Elec", "Wind", "Light", "Dark"], "locations":["Home", "Black Market", "School", "Mall", "Bling Center", "Central Park", "Goal", "Special", "Velvet Room", "Loading"], "animations":["Walk", "Run", "Surprise", "Sit", "Idle", "Normal Attack", "Special Attack", "Summon Persona", "Tired", "Knocked Down", "Get up", "Dead", "Idle Combat"], "sprite_emotions":["Normal", "Happy", "Surprised", "Angry", "Sad", "Embarrassed", "Special"]}