{"arcana": "Aeon", "cutscenes": {"1_0": {"id": "Aeon1_0", "items": [[{"text": "Place camera\nMC walks"}, 1], [{"angle": {}, "points": {}, "speaker": "Elizabeth", "text": "Wait a moment please!"}, 2], [{"text": "MC turns around\nElizabeth runs up to him"}, 3], [{"angle": {}, "points": {}, "speaker": "Elizabeth", "text": "I have a question I would like to ask."}, 4], [{"angle": {}, "points": {}, "speaker": "Elizabeth", "text": "Some time ago, there was another guest... He showed me the world outside of this Velvet Room..."}, 5], [{"angle": {}, "points": {}, "speaker": "Elizabeth", "text": "This person... he also held the power that is now yours."}, 6, 7, 8], [{"angle": {}, "points": {}, "speaker": "MC", "text": "Do you know something about my power?"}, 9], [{"angle": {}, "points": {}, "speaker": "MC", "text": "What happened to him?"}, 32], [{"angle": {}, "points": {}, "speaker": "MC", "text": "Is this relevant?"}, 37], [{"angle": {}, "points": {}, "speaker": "Elizabeth", "text": "I am only an assistant here. The nature of your power I know only through what I have witnessed from your predecessor."}, 10], [{"angle": {}, "points": {}, "speaker": "Elizabeth", "text": "I am still interested in him, and your world, however."}, 11], [{"angle": {}, "points": {}, "speaker": "Elizabeth", "text": "Have you heard of such a person?"}, 12, 13, 14], [{"angle": {}, "points": {}, "speaker": "MC", "text": "What's he like?"}, 15], [{"angle": {}, "points": {}, "speaker": "Elizabeth", "text": "Maybe..."}, 34], [{"angle": {}, "points": {}, "speaker": "MC", "text": "Nope."}, 21], [{"angle": {}, "points": {}, "speaker": "Elizabeth", "text": "A... handsome young man; caring, genius charismatic badass."}, 16], [{"angle": {}, "points": {}, "speaker": "Elizabeth", "text": "A true hero among men."}, 17], [{"angle": {}, "points": {}, "speaker": "Elizabeth", "text": "He deserves to be celebrated for what he did."}, 18, 19], [{"angle": {}, "points": {}, "speaker": "MC", "text": "You seem to hold him in high regard."}, 20], [{"angle": {}, "points": {}, "speaker": "MC", "text": "Which is what, exactly?"}, 35], [{"angle": {}, "points": {}, "speaker": "Elizabeth", "text": "I respect him as much as he is worth respecting."}, 21], [{"angle": {}, "points": {}, "speaker": "Elizabeth", "text": "It is saddening... He was a great man."}, 22], [{"angle": {}, "points": {}, "speaker": "Elizabeth", "text": "You are more in debt to him than you realize..."}, 23, 24], [{"angle": {}, "points": {}, "speaker": "MC", "text": "That's true for a lot of people."}, 25], [{"angle": {}, "points": {}, "speaker": "MC", "text": "What did he do?"}, 35], [{"angle": {}, "points": {}, "speaker": "Elizabeth", "text": "You make a good point."}, 26], [{"angle": {}, "points": {}, "speaker": "Elizabeth", "text": "None-the-less, I hold a special place in my heart for him."}, 27], [{"angle": {}, "points": {}, "speaker": "Elizabeth", "text": "After all, my first time was with him..."}, 28], [{"angle": {}, "points": {}, "speaker": "Elizabeth", "text": "First time out of the Velvet Room, that is."}, 29], [{"angle": {}, "points": {}, "speaker": "Elizabeth", "text": "....."}, 30], [{"angle": {}, "points": {}, "speaker": "Elizabeth", "text": "I think I hear my master calling. I should go."}, 31], [{"angle": {}, "points": {}, "speaker": "Elizabeth", "text": "Thank you for your time."}], [{"angle": {}, "points": {}, "speaker": "Elizabeth", "text": "He... left. He had to, in order to protect his friends..."}, 33], [{"angle": {}, "points": {}, "speaker": "Elizabeth", "text": "I knew him through business here, but I still wonder of his interactions in your world."}, 11], [{"angle": {}, "points": {}, "speaker": "Elizabeth", "text": "It is good to know that perhaps a part of him lives on."}, 17], [{"angle": {}, "points": {}, "speaker": "Elizabeth", "text": "The short version is that he saved the world."}, 36], [{"angle": {}, "points": {}, "speaker": "Elizabeth", "text": "The long version..."}, 29], [{"angle": {}, "points": {}, "speaker": "Elizabeth", "text": "Perhaps not..."}, 38], [{"angle": {}, "points": {}, "speaker": "Elizabeth", "text": "All the same, I simply cannot help myself. His image is consuming my mind, I must know!"}, 11]]}, "2_0": {"id": "Aeon2_0", "items": [[{"text": "In Velvel Room\nMC Walks towards door"}, 1], [{"angle": {}, "points": {}, "speaker": "Elizabeth", "text": "Excuse me!"}, 2], [{"text": "MC turns to face Elizabeth\nElizabeth runs to him\n"}, 3], [{"angle": {}, "points": {}, "speaker": "Elizabeth", "text": "Perhaps you can answer another question of mine..."}, 4, 14], [{"angle": {}, "points": {}, "speaker": "MC", "text": "I'd rather not."}, 5], [{"angle": {}, "points": {}, "speaker": "Elizabeth", "text": "Oh..."}, 6], [{"angle": {}, "points": {}, "speaker": "Elizabeth", "text": "I'm sorry, my master also believes I should avoid painful thoughts..."}, 7], [{"angle": {}, "points": {}, "speaker": "Elizabeth", "text": "I simply must know what these torrential feelings mean!"}, 8], [{"angle": {}, "points": {}, "speaker": "Elizabeth", "text": "Do I, a resident of the Velvet Room, even have a chance to understand such things!?"}, 9], [{"angle": {}, "points": {}, "speaker": "Elizabeth", "text": "There is so much I do not understand!"}, 10], [{"angle": {}, "points": {}, "speaker": "Elizabeth", "text": "I don't even know where I come from..."}, 11, 18], [{"angle": {}, "points": {}, "speaker": "MC", "text": "You see, when a man and a woman love each other very much..."}, 12], [{"angle": {}, "points": {}, "speaker": "Elizabeth", "text": "That's not what I meant..."}, 13], [{"angle": {}, "points": {}, "speaker": "Elizabeth", "text": "Thank you for your time. I must think about what you've said..."}], [{"angle": {}, "points": {}, "speaker": "MC", "text": "Sure."}, 15], [{"angle": {}, "points": {}, "speaker": "Elizabeth", "text": "These things you call \"emotions\"... how would you qualify them?"}, 16, 21, 48], [{"angle": {}, "points": {}, "speaker": "MC", "text": "They're hard to define..."}, 17], [{"angle": {}, "points": {}, "speaker": "Elizabeth", "text": "Hard to define, even for your kind?"}, 8], [{"angle": {}, "points": {}, "speaker": "MC", "text": "You'll learn."}, 19], [{"angle": {}, "points": {}, "speaker": "Elizabeth", "text": "I know."}, 20], [{"angle": {}, "points": {}, "speaker": "Elizabeth", "text": "I simply wish I was making better progress..."}, 13], [{"angle": {}, "points": {}, "speaker": "MC", "text": "They're a natural, instinctive state of mind deriving from one's circumstance."}, 22], [{"angle": {}, "points": {}, "speaker": "Elizabeth", "text": "Oh!..."}, 23], [{"angle": {}, "points": {}, "speaker": "Elizabeth", "text": "I see..."}, 24], [{"angle": {}, "points": {}, "speaker": "Elizabeth", "text": "Did you make that up?"}, 25, 28], [{"angle": {}, "points": {}, "speaker": "MC", "text": "Yeah, totally."}, 26], [{"angle": {}, "points": {}, "speaker": "Elizabeth", "text": "I'm impressed!"}, 27], [{"angle": {}, "points": {}, "speaker": "Elizabeth", "text": "It seems so easy for you..."}, 9], [{"angle": {}, "points": {}, "speaker": "MC", "text": "Nope."}, 29], [{"angle": {}, "points": {}, "speaker": "Elizabeth", "text": "Then it's the same for everyone?"}, 30], [{"angle": {}, "points": {}, "speaker": "Elizabeth", "text": "That almost seems... Too easy..."}, 31], [{"angle": {}, "points": {}, "speaker": "Elizabeth", "text": "Is there no more? Nothing else to add?"}, 32, 33, 38], [{"angle": {}, "points": {}, "speaker": "MC", "text": "You'll have to discover the full truth on your own."}, 19], [{"angle": {}, "points": {}, "speaker": "MC", "text": "They are what they are."}, 34], [{"angle": {}, "points": {}, "speaker": "Elizabeth", "text": "....."}, 35], [{"angle": {}, "points": {}, "speaker": "Elizabeth", "text": "You humans are all so different..."}, 36], [{"angle": {}, "points": {}, "speaker": "Elizabeth", "text": "... yet you manage to interact by establishing constants..."}, 37], [{"angle": {}, "points": {}, "speaker": "Elizabeth", "text": "It's fascinating..."}, 13], [{"angle": {}, "points": {}, "speaker": "MC", "text": "They're just what you want."}, 39], [{"angle": {}, "points": {}, "speaker": "Elizabeth", "text": "So... They are what I make them to be?"}, 40], [{"angle": {}, "points": {}, "speaker": "Elizabeth", "text": "But... That would imply they are what I want them to be?"}, 41], [{"angle": {}, "points": {}, "speaker": "Elizabeth", "text": "Why... would I want pain...?"}, 42], [{"angle": {}, "points": {}, "speaker": "Elizabeth", "text": "When I think about him it... hurts..."}, 43], [{"angle": {}, "points": {}, "speaker": "Elizabeth", "text": "He taught me so much, but it was always..."}, 44], [{"angle": {}, "points": {}, "speaker": "Elizabeth", "text": "... joyfull..."}, 45], [{"angle": {}, "points": {}, "speaker": "MC", "text": "....."}, 46], [{"angle": {}, "points": {}, "speaker": "Elizabeth", "text": "Perhaps..."}, 47], [{"angle": {}, "points": {}, "speaker": "Elizabeth", "text": "Perhaps there is more to life than joy..."}, 13], [{"angle": {}, "points": {}, "speaker": "MC", "text": "They're something personal."}, 39]]}}}