{"stats": ["5", "8", "8", "4", "6"], "name": "Jack Frost", "level": "8", "spellDeck": ["Bufu", "", "Re Patra", "", "Pulinpa", ""], "resistance": ["Normal", "Normal", "Normal", "Weak", "Null", "Normal", "Normal", "Normal", "Normal"], "arcana": "Magician", "heritage": ["Ice", ""], "spellLearn": {"Mabufu": "13", "Ice Boost": "11", "Sonic Punch": "10"}, "desc": "A spirit originating from England. He is a snow elf who brings in cold weather during the winter and is thought to be responsible for the frost that forms on the windows of homes and buildings."}